domain,geography
volkswagen-nutzfahrzeuge.de,Regional (DE)
volkswagen-newsroom.com,International
connect-shop.volkswagen.com,International
volkswagen-karriere.de,Regional (DE)
volkswagen-group.com,International
volkswagen-r-experience.l-mc.com,International
elli.eco,International
autostadt.de,Regional (DE)
glaesernemanufaktur.de,Regional (DE)
sofortkredit.vwfs.de,Regional (DE)
vwfs.de,Regional (DE)
bundesumweltministerium.de,Regional (DE)
volkswagen-genuine-accessories.com,International
autosuche.de,Regional (DE)
volkswagen-lifestyle.com,International
mycybergroup.com,International
wartung-inspektion.vwfs.de,Regional (DE)
garantieabschluss.de,Regional (DE)
schadenkatalog.vwfs.de,Regional (DE)
autoversicherung.vwfs.de,Regional (DE)
volkswagenbank.de,Regional (DE)
fs.automotive.vwfs.de,Regional (DE)
dieversicherer.de,Regional (DE)
garantie.vwfs.de,Regional (DE)
groupfleet.com,International
volkswagenag.com,International
www2.fleet-ordering.de,Regional (DE)
fleet-interface.de,Regional (DE)
vwid.vwgroup.io,International
identity.vwgroup.io,International
vw.elli.eco,International
myvolkswagen.net,International
connect.volkswagen.com,International
driveandtraining.com,International
l-mc.com,International
driving-experience.eu,International
drive-volkswagen-group.com,International
automuseum-volkswagen.de,Regional (DE)
volkswagen-classic.de,Regional (DE)
google.de,Regional (DE)
volkswagen.de,Regional (DE)
volkswagen-sachsen.de,Regional (DE)
datenschutz.volkswagen.de,Regional (DE)
volkswagen-classic-parts.com,International
voorraad.volkswagen.nl,Regional (NL)
occasions.volkswagen.nl,Regional (NL)
nieuws.volkswagen.nl,Regional (NL)
keurmerkprivatelease.nl,Regional (NL)
vwbedrijfswagens.nl,Regional (NL)
werkplaats.volkswagen.nl,Regional (NL)
support.volkswagen.nl,Regional (NL)
werkenbijvolkswagen.nl,Regional (NL)
pon.com,International
vwpfs.nl,Regional (NL)
privatelease.volkswagen.nl,Regional (NL)
belastingdienst.nl,Regional (NL)
volkswagenfinancialservices.nl,Regional (NL)
autoverzekering.volkswagenfinancialservices.nl,Regional (NL)
configurator.shuttel.nl,Regional (NL)
shuttel.nl,Regional (NL)
oplaadpalen.nl,Regional (NL)
app-connect.volkswagen.com,International
android.com,International
mypolo.nl,Regional (NL)
gticlub-holland.nl,Regional (NL)
forum.vwpassat.nl,Regional (NL)
golfgtiforum.nl,Regional (NL)
vw-club.nl,Regional (NL)
vwforum.nl,Regional (NL)
corrado-club.nl,Regional (NL)
g40.nl,Regional (NL)
3lvrienden.nl,Regional (NL)
lupoclub.nl,Regional (NL)
golfcabrioletclub.nl,Regional (NL)
vwprojects.nl,Regional (NL)
karmannghiaclub.nl,Regional (NL)
lvwcn.nl,Regional (NL)
amescador.nl,Regional (NL)
412club.nl,Regional (NL)
vwbusclub.nl,Regional (NL)
keverclub.nl,Regional (NL)
vwcabrio.nl,Regional (NL)
volkswagen.erwin-store.com,International
pah.nl,Regional (NL)
ponacademy.nl,Regional (NL)
accessoiresmagazine.volkswagen.nl,Regional (NL)
business.safety.google,International
prijsinformatie.ponautomotive.com,International
jobsatpon.com,International
consent.vwgroup.io,International
eur-lex.europa.eu,International
eu-data-act.drivesomethinggreater.com,International
drivesomethinggreater.com,International
vedas.volkswagenag.de,Regional (DE)
auth0.com,International
googlemail.com,International
